,Country,Year,Index,Rank,Mac Index
0,Afghanistan,2013,4.04,143,
1,Afghanistan,2015,3.575,153,
2,Afghanistan,2016,3.36,154,
3,Afghanistan,2017,3.794,141,
4,Afghanistan,2018,3.632,145,
5,Afghanistan,2019,3.203,154,
6,Afghanistan,2020,2.567,153,
7,Afghanistan,2021,2.523,149,
8,Afghanistan,2022,2.404,146,
9,Afghanistan,2023,1.859,137,
10,Albania,2013,5.55,62,
11,Albania,2015,4.959,95,
12,Albania,2016,4.655,109,
13,Albania,2017,4.644,109,
14,Albania,2018,4.586,112,
15,Albania,2019,4.719,107,
16,Albania,2020,4.883,105,
17,Albania,2021,5.117,93,
18,Albania,2022,5.199,90,
19,Albania,2023,5.277,83,
20,Algeria,2013,5.422,73,
21,Algeria,2015,5.605,68,
22,Algeria,2016,6.355,38,
23,Algeria,2017,5.872,53,
24,Algeria,2018,5.295,84,
25,Algeria,2019,5.211,88,
26,Algeria,2020,5.005,100,
27,Algeria,2021,4.887,109,
28,Algeria,2022,5.122,96,
29,Algeria,2023,5.329,81,
30,Angola,2013,5.589,61,
31,Angola,2015,4.033,137,
32,Angola,2016,3.866,141,
33,Angola,2017,3.795,140,
34,Angola,2018,3.795,142,
35,Argentina,2013,6.562,29,12994.259063408499
36,Argentina,2015,6.574,30,16442.2235528571
37,Argentina,2016,6.65,26,15185.86465
38,Argentina,2017,6.599,24,13789.35555194805
39,Argentina,2018,6.388,29,14893.00047473335
40,Argentina,2019,6.086,47,16908.919778075
41,Argentina,2020,5.975,55,11514.4669842302
42,Argentina,2021,5.929,57,8553.853250068256
43,Argentina,2022,5.967,57,10099.399321433899
44,Argentina,2023,6.024,52,
45,Armenia,2013,4.316,128,
46,Armenia,2015,4.35,127,
47,Armenia,2016,4.36,121,
48,Armenia,2017,4.376,121,
49,Armenia,2018,4.321,129,
50,Armenia,2019,4.559,116,
51,Armenia,2020,4.677,116,
52,Armenia,2021,5.283,86,
53,Armenia,2022,5.399,82,
54,Armenia,2023,5.342,79,
55,Australia,2013,7.35,10,55755.6582401646
56,Australia,2015,7.284,10,55246.0388264151
57,Australia,2016,7.313,9,54379.08026985235
58,Australia,2017,7.284,9,53591.13567431325
59,Australia,2018,7.272,10,56201.86338736515
60,Australia,2019,7.228,11,57862.3204487205
61,Australia,2020,7.223,12,57855.9776767856
62,Australia,2021,7.183,11,57687.41977903235
63,Australia,2022,7.162,12,65751.696843097
64,Australia,2023,7.095,12,
65,Austria,2013,7.369,8,
66,Austria,2015,7.2,13,
67,Austria,2016,7.119,12,
68,Austria,2017,7.006,13,
69,Austria,2018,7.139,12,
70,Austria,2019,7.246,10,
71,Austria,2020,7.294,9,
72,Austria,2021,7.268,10,
73,Austria,2022,7.163,11,
74,Austria,2023,7.097,11,
75,Azerbaijan,2013,4.604,116,
76,Azerbaijan,2015,5.212,80,
77,Azerbaijan,2016,5.291,81,
78,Azerbaijan,2017,5.234,85,
79,Azerbaijan,2018,5.201,87,
80,Azerbaijan,2019,5.208,90,
81,Azerbaijan,2020,5.165,89,
82,Azerbaijan,2021,5.171,90,8961.601481012662
83,Azerbaijan,2022,5.173,92,10166.3661587234
84,Bahrain,2013,5.312,79,
85,Bahrain,2015,5.96,49,
86,Bahrain,2016,6.218,42,
87,Bahrain,2017,6.087,41,
88,Bahrain,2018,6.105,43,
89,Bahrain,2019,6.199,37,
90,Bahrain,2020,6.227,40,
91,Bahrain,2021,6.647,22,29028.90854666665
92,Bahrain,2022,6.647,21,32324.8591725
93,Bahrain,2023,6.173,42,
94,Bangladesh,2013,4.804,108,
95,Bangladesh,2015,4.694,109,
96,Bangladesh,2016,4.643,110,
97,Bangladesh,2017,4.608,110,
98,Bangladesh,2018,4.5,115,
99,Bangladesh,2019,4.456,125,
100,Bangladesh,2020,4.833,107,
101,Bangladesh,2021,5.025,101,
102,Bangladesh,2022,5.155,94,
103,Bangladesh,2023,4.282,118,
104,Belarus,2013,5.504,66,
105,Belarus,2015,5.813,59,
106,Belarus,2016,5.802,61,
107,Belarus,2017,5.569,67,
108,Belarus,2018,5.483,73,
109,Belarus,2019,5.323,81,
110,Belarus,2020,5.54,75,
111,Belarus,2021,5.534,75,
112,Belarus,2022,5.821,65,
113,Belgium,2013,6.967,21,
114,Belgium,2015,6.937,19,
115,Belgium,2016,6.929,18,
116,Belgium,2017,6.891,17,
117,Belgium,2018,6.927,16,
118,Belgium,2019,6.923,18,
119,Belgium,2020,6.864,20,
120,Belgium,2021,6.834,20,
121,Belgium,2022,6.805,19,
122,Belgium,2023,6.859,17,
123,Belize,2016,5.956,52,
124,Belize,2017,5.956,50,
125,Belize,2018,5.956,49,
126,Benin,2013,3.528,155,
127,Benin,2015,3.34,155,
128,Benin,2016,3.484,153,
129,Benin,2017,3.657,143,
130,Benin,2018,4.141,136,
131,Benin,2019,4.883,102,
132,Benin,2020,5.216,86,
133,Benin,2021,5.045,99,
134,Benin,2022,4.623,115,
135,Benin,2023,4.374,116,
136,Bhutan,2015,5.253,79,
137,Bhutan,2016,5.196,84,
138,Bhutan,2017,5.011,97,
139,Bhutan,2018,5.082,97,
140,Bhutan,2019,5.082,95,
141,Bolivia,2013,5.857,50,
142,Bolivia,2015,5.89,51,
143,Bolivia,2016,5.822,59,
144,Bolivia,2017,5.823,58,
145,Bolivia,2018,5.752,62,
146,Bolivia,2019,5.779,61,
147,Bolivia,2020,5.747,65,
148,Bolivia,2021,5.716,69,
149,Bolivia,2022,5.6,71,
150,Bolivia,2023,5.684,69,
151,Bosnia and Herzegovina,2013,4.813,107,
152,Bosnia and Herzegovina,2015,4.949,96,
153,Bosnia and Herzegovina,2016,5.163,87,
154,Bosnia and Herzegovina,2017,5.182,90,
155,Bosnia and Herzegovina,2018,5.129,93,
156,Bosnia and Herzegovina,2019,5.386,78,
157,Bosnia and Herzegovina,2020,5.674,69,
158,Bosnia and Herzegovina,2021,5.813,64,
159,Bosnia and Herzegovina,2022,5.768,67,
160,Bosnia and Herzegovina,2023,5.633,71,
161,Botswana,2013,3.97,145,
162,Botswana,2015,4.332,128,
163,Botswana,2016,3.974,137,
164,Botswana,2017,3.766,142,
165,Botswana,2018,3.59,146,
166,Botswana,2019,3.488,148,
167,Botswana,2020,3.479,147,
168,Botswana,2021,3.467,146,
169,Botswana,2022,3.471,142,
170,Botswana,2023,3.435,132,
171,Brazil,2013,6.849,24,8577.00153611111
172,Brazil,2015,6.983,16,9103.91005333334
173,Brazil,2016,6.952,17,8959.384908637996
174,Brazil,2017,6.635,22,8334.18654545455
175,Brazil,2018,6.419,28,8801.125743112785
176,Brazil,2019,6.3,32,9202.035431127646
177,Brazil,2020,6.376,32,8312.81309850689
178,Brazil,2021,6.33,35,7733.153227528865
179,Brazil,2022,6.293,38,9082.840035807862
180,Brazil,2023,6.125,49,
181,Bulgaria,2013,3.981,144,
182,Bulgaria,2015,4.218,134,
183,Bulgaria,2016,4.217,129,
184,Bulgaria,2017,4.714,105,
185,Bulgaria,2018,4.933,100,
186,Bulgaria,2019,5.011,97,
187,Bulgaria,2020,5.102,96,
188,Bulgaria,2021,5.266,88,
189,Bulgaria,2022,5.371,85,
190,Bulgaria,2023,5.466,77,
191,Burkina Faso,2013,4.259,131,
192,Burkina Faso,2015,3.587,152,
193,Burkina Faso,2016,3.739,146,
194,Burkina Faso,2017,4.032,134,
195,Burkina Faso,2018,4.424,121,
196,Burkina Faso,2019,4.587,115,
197,Burkina Faso,2020,4.769,112,
198,Burkina Faso,2021,4.834,113,
199,Burkina Faso,2022,4.67,113,
200,Burkina Faso,2023,4.638,104,
201,Burundi,2013,3.706,153,
202,Burundi,2015,2.905,157,
203,Burundi,2016,2.905,157,
204,Burundi,2017,2.905,154,
205,Burundi,2018,2.905,156,
206,Burundi,2019,3.775,145,
207,Burundi,2020,3.775,140,
208,Burundi,2021,3.775,140,
209,Cambodia,2013,4.067,140,
210,Cambodia,2015,3.819,145,
211,Cambodia,2016,3.907,140,
212,Cambodia,2017,4.168,129,
213,Cambodia,2018,4.433,120,
214,Cambodia,2019,4.7,109,
215,Cambodia,2020,4.848,106,
216,Cambodia,2021,4.83,114,
217,Cambodia,2022,4.64,114,
218,Cambodia,2023,4.393,115,
219,Cameroon,2013,4.42,122,
220,Cameroon,2015,4.252,133,
221,Cameroon,2016,4.513,114,
222,Cameroon,2017,4.695,107,
223,Cameroon,2018,4.975,99,
224,Cameroon,2019,5.044,96,
225,Cameroon,2020,5.085,98,
226,Cameroon,2021,5.142,91,
227,Cameroon,2022,5.048,102,
228,Cameroon,2023,4.973,96,
229,Canada,2013,7.477,6,39553.7957477881
230,Canada,2015,7.427,5,41878.3027280702
231,Canada,2016,7.404,6,41411.81556164385
232,Canada,2017,7.316,7,42313.6335639317
233,Canada,2018,7.328,7,41016.9964138208
234,Canada,2019,7.278,9,42034.2273323486
235,Canada,2020,7.232,11,43484.1682084629
236,Canada,2021,7.103,14,42123.60075332345
237,Canada,2022,7.025,15,49143.8315310192
238,Canada,2023,6.961,13,
239,Central African Republic,2013,3.623,154,
240,Central African Republic,2015,3.678,148,
241,Central African Republic,2017,2.693,155,
242,Central African Republic,2018,3.083,155,
243,Central African Republic,2019,3.083,155,
244,Central African Republic,2020,3.476,149,
245,Chad,2013,4.056,141,
246,Chad,2015,3.667,149,
247,Chad,2016,3.763,144,
248,Chad,2017,3.936,137,
249,Chad,2018,4.301,131,
250,Chad,2019,4.35,132,
251,Chad,2020,4.423,127,
252,Chad,2021,4.355,128,
253,Chad,2022,4.251,130,
254,Chad,2023,4.397,114,
255,Chile,2013,6.587,28,15235.04667973645
256,Chile,2015,6.67,27,16990.1340343429
257,Chile,2016,6.705,24,17648.5331609376
258,Chile,2017,6.652,20,16725.216862545
259,Chile,2018,6.476,25,17140.8707190077
260,Chile,2019,6.444,26,18014.0075925909
261,Chile,2020,6.228,39,18368.79702136675
262,Chile,2021,6.172,43,17023.42777266225
263,Chile,2022,6.172,44,19154.0718677939
264,Chile,2023,6.334,35,
265,China,2013,4.978,93,10174.763835
266,China,2015,5.14,84,11784.5548428386
267,China,2016,5.245,83,12150.27767116935
268,China,2017,5.273,79,12238.9989436456
269,China,2018,5.246,86,13361.744981714499
270,China,2019,5.191,93,14649.565643827751
271,China,2020,5.124,94,15678.506248505
272,China,2021,5.339,84,15920.3242857143
273,China,2022,5.585,72,16782.63608297475
274,China,2023,5.818,64,
275,Colombia,2013,6.416,35,7069.54966706221
276,Colombia,2015,6.477,33,9032.5123116076
277,Colombia,2016,6.481,31,9110.062982613064
278,Colombia,2017,6.357,36,8384.09586318182
279,Colombia,2018,6.26,37,7872.965482164354
280,Colombia,2019,6.125,43,8101.4964462126
281,Colombia,2020,6.163,44,8692.50302990756
282,Colombia,2021,6.012,52,7517.297720277989
283,Colombia,2022,5.781,66,8455.58516146691
284,Colombia,2023,5.63,72,
285,Comoros,2013,3.851,149,
286,Comoros,2015,3.956,140,
287,Comoros,2016,3.956,138,
288,Comoros,2019,3.973,142,
289,Comoros,2020,4.289,134,
290,Comoros,2021,4.289,131,
291,Comoros,2022,4.609,116,
292,Comoros,2023,3.545,130,
293,Congo,2022,5.075,99,
294,Congo Brazzaville,2013,4.297,129,
295,Congo Brazzaville,2015,3.989,139,
296,Congo Brazzaville,2016,4.236,127,
297,Congo Brazzaville,2017,4.291,124,
298,Congo Brazzaville,2018,4.559,114,
299,Congo Brazzaville,2019,4.812,103,
300,Congo Brazzaville,2020,5.194,88,
301,Congo Brazzaville,2021,5.342,83,
302,Congo Brazzaville,2023,5.267,86,
303,Congo Kinshasa,2013,4.578,117,
304,Congo Kinshasa,2015,4.517,120,
305,Congo Kinshasa,2016,4.272,125,
306,Congo Kinshasa,2017,4.28,126,
307,Congo Kinshasa,2018,4.245,132,
308,Congo Kinshasa,2019,4.418,127,
309,Congo Kinshasa,2020,4.311,131,
310,Congo Kinshasa,2023,3.207,133,
311,Costa Rica,2013,7.257,12,
312,Costa Rica,2015,7.226,12,
313,Costa Rica,2016,7.087,14,
314,Costa Rica,2017,7.079,12,
315,Costa Rica,2018,7.072,13,
316,Costa Rica,2019,7.167,12,
317,Costa Rica,2020,7.121,15,
318,Costa Rica,2021,7.069,16,14749.13814500435
319,Costa Rica,2022,6.582,23,14811.483145258499
320,Costa Rica,2023,6.609,23,
321,Croatia,2013,5.661,58,
322,Croatia,2015,5.759,62,
323,Croatia,2016,5.488,74,
324,Croatia,2017,5.293,77,
325,Croatia,2018,5.321,82,
326,Croatia,2019,5.432,75,
327,Croatia,2020,5.505,79,
328,Croatia,2021,5.882,60,19535.61186322465
329,Croatia,2022,6.125,47,21588.772119638103
330,Croatia,2023,6.125,48,
331,Cyprus,2013,6.466,34,
332,Cyprus,2015,5.689,67,
333,Cyprus,2016,5.546,69,
334,Cyprus,2017,5.621,65,
335,Cyprus,2018,5.762,61,
336,Cyprus,2019,6.046,49,
337,Cyprus,2020,6.159,45,
338,Cyprus,2021,6.223,39,
339,Cyprus,2022,6.221,41,
340,Cyprus,2023,6.13,46,
341,Czechia,2013,6.29,39,
342,Czechia,2015,6.505,31,
343,Czechia,2016,6.596,27,
344,Czechia,2017,6.609,23,
345,Czechia,2018,6.711,21,
346,Czechia,2019,6.852,20,
347,Czechia,2020,6.911,19,
348,Czechia,2021,6.965,18,
349,Czechia,2022,6.92,18,
350,Czechia,2023,6.845,18,
351,Denmark,2013,7.693,1,48910.670549473696
352,Denmark,2015,7.527,3,43721.83961814815
353,Denmark,2016,7.526,1,52710.4551985
354,Denmark,2017,7.522,2,55398.18555
355,Denmark,2018,7.555,3,58682.18864083335
356,Denmark,2019,7.6,2,61193.36248
357,Denmark,2020,7.646,2,64145.1748713333
358,Denmark,2021,7.62,2,65479.47832966665
359,Denmark,2022,7.636,2,67095.4269825
360,Denmark,2023,7.586,2,
361,Djibouti,2013,4.69,114,
362,Djibouti,2015,4.369,126,
363,Dominican Republic,2013,4.963,95,
364,Dominican Republic,2015,4.885,98,
365,Dominican Republic,2016,5.155,89,
366,Dominican Republic,2017,5.23,86,
367,Dominican Republic,2018,5.302,83,
368,Dominican Republic,2019,5.425,77,
369,Dominican Republic,2020,5.689,68,
370,Dominican Republic,2021,5.545,73,
371,Dominican Republic,2022,5.737,69,
372,Dominican Republic,2023,5.569,73,
373,Ecuador,2013,5.865,49,
374,Ecuador,2015,5.975,48,
375,Ecuador,2016,5.976,51,
376,Ecuador,2017,6.008,44,
377,Ecuador,2018,5.973,48,
378,Ecuador,2019,6.028,50,
379,Ecuador,2020,5.925,58,
380,Ecuador,2021,5.764,66,
381,Ecuador,2022,5.533,76,
382,Ecuador,2023,5.559,74,
383,Egypt,2013,4.273,130,5089.33454142724
384,Egypt,2015,4.194,135,6218.13606556409
385,Egypt,2016,4.362,120,6165.33525527749
386,Egypt,2017,4.735,104,4572.4108437032155
387,Egypt,2018,4.419,122,5139.94454702746
388,Egypt,2019,4.166,137,5252.968909339284
389,Egypt,2020,4.151,138,6175.67572476191
390,Egypt,2021,4.283,132,6723.903610588235
391,Egypt,2022,4.288,129,7123.359338124045
392,Egypt,2023,4.17,121,
393,El Salvador,2013,5.809,52,
394,El Salvador,2015,6.13,42,
395,El Salvador,2016,6.068,46,
396,El Salvador,2017,6.003,45,
397,El Salvador,2018,6.167,40,
398,El Salvador,2019,6.253,35,
399,El Salvador,2020,6.348,34,
400,El Salvador,2021,6.061,49,
401,El Salvador,2022,6.12,49,
402,El Salvador,2023,6.122,50,
403,Estonia,2013,5.426,72,
404,Estonia,2015,5.429,73,
405,Estonia,2016,5.517,72,
406,Estonia,2017,5.611,66,
407,Estonia,2018,5.739,63,
408,Estonia,2019,5.893,55,
409,Estonia,2020,6.022,51,
410,Estonia,2021,6.189,40,
411,Estonia,2022,6.341,36,
412,Estonia,2023,6.455,31,
413,Eswatini,2022,4.396,125,
414,Ethiopia,2013,4.561,119,
415,Ethiopia,2015,4.512,122,
416,Ethiopia,2016,4.508,115,
417,Ethiopia,2017,4.46,119,
418,Ethiopia,2018,4.35,127,
419,Ethiopia,2019,4.286,134,
420,Ethiopia,2020,4.186,136,
421,Ethiopia,2021,4.275,133,
422,Ethiopia,2022,4.241,131,
423,Ethiopia,2023,4.091,124,
424,Finland,2013,7.389,7,
425,Finland,2015,7.406,6,
426,Finland,2016,7.413,5,
427,Finland,2017,7.469,5,
428,Finland,2018,7.632,1,
429,Finland,2019,7.769,1,
430,Finland,2020,7.809,1,
431,Finland,2021,7.842,1,
432,Finland,2022,7.821,1,
433,Finland,2023,7.804,1,
434,France,2013,6.764,25,
435,France,2015,6.575,29,
436,France,2016,6.478,32,
437,France,2017,6.442,31,
438,France,2018,6.489,23,
439,France,2019,6.592,24,
440,France,2020,6.664,23,
441,France,2021,6.69,21,
442,France,2022,6.687,20,
443,France,2023,6.661,21,
444,Gabon,2013,4.114,138,
445,Gabon,2015,3.896,143,
446,Gabon,2016,4.121,134,
447,Gabon,2017,4.465,118,
448,Gabon,2018,4.758,103,
449,Gabon,2019,4.799,104,
450,Gabon,2020,4.829,108,
451,Gabon,2021,4.852,112,
452,Gabon,2022,4.958,106,
453,Gabon,2023,5.035,94,
454,Gambia,2019,4.516,120,
455,Gambia,2020,4.751,113,
456,Gambia,2021,5.051,98,
457,Gambia,2022,5.164,93,
458,Gambia,2023,4.279,119,
459,Georgia,2013,4.187,134,
460,Georgia,2015,4.297,130,
461,Georgia,2016,4.252,126,
462,Georgia,2017,4.286,125,
463,Georgia,2018,4.34,128,
464,Georgia,2019,4.519,119,
465,Georgia,2020,4.673,117,
466,Georgia,2021,4.891,108,
467,Georgia,2022,4.973,105,
468,Georgia,2023,5.109,90,
469,Germany,2013,6.672,26,
470,Germany,2015,6.75,26,
471,Germany,2016,6.994,16,
472,Germany,2017,6.951,16,
473,Germany,2018,6.965,15,
474,Germany,2019,6.985,17,
475,Germany,2020,7.076,17,
476,Germany,2021,7.155,13,
477,Germany,2022,7.034,14,
478,Germany,2023,6.892,16,
479,Ghana,2013,5.091,86,
480,Ghana,2015,4.633,114,
481,Ghana,2016,4.276,124,
482,Ghana,2017,4.12,131,
483,Ghana,2018,4.657,108,
484,Ghana,2019,4.996,98,
485,Ghana,2020,5.148,91,
486,Ghana,2021,5.088,95,
487,Ghana,2022,4.872,111,
488,Ghana,2023,4.605,107,
489,Greece,2013,5.435,70,
490,Greece,2015,4.857,102,
491,Greece,2016,5.033,99,
492,Greece,2017,5.227,87,
493,Greece,2018,5.358,79,
494,Greece,2019,5.287,82,
495,Greece,2020,5.515,77,
496,Greece,2021,5.723,68,
497,Greece,2022,5.948,58,
498,Greece,2023,5.931,58,
499,Guatemala,2013,5.965,47,
500,Guatemala,2015,6.123,43,
501,Guatemala,2016,6.324,39,
502,Guatemala,2017,6.454,29,
503,Guatemala,2018,6.382,30,
504,Guatemala,2019,6.436,27,
505,Guatemala,2020,6.399,29,
506,Guatemala,2021,6.435,30,6421.229977938459
507,Guatemala,2022,6.262,39,7084.548509615384
508,Guatemala,2023,6.15,43,
509,Guinea,2013,3.847,150,
510,Guinea,2015,3.656,150,
511,Guinea,2016,3.607,151,
512,Guinea,2017,3.507,149,
513,Guinea,2018,3.964,140,
514,Guinea,2019,4.534,118,
515,Guinea,2020,4.949,102,
516,Guinea,2021,4.984,102,
517,Guinea,2022,4.891,109,
518,Guinea,2023,5.072,91,
519,Haiti,2013,4.341,126,
520,Haiti,2015,4.518,119,
521,Haiti,2016,4.028,136,
522,Haiti,2017,3.603,145,
523,Haiti,2018,3.582,148,
524,Haiti,2019,3.597,147,
525,Haiti,2020,3.721,142,
526,Haiti,2021,3.615,143,
527,Honduras,2013,5.142,84,
528,Honduras,2015,4.788,105,
529,Honduras,2016,4.871,104,
530,Honduras,2017,5.181,91,
531,Honduras,2018,5.504,72,
532,Honduras,2019,5.86,59,
533,Honduras,2020,5.953,56,
534,Honduras,2021,5.919,59,3324.979309425285
535,Honduras,2022,6.022,55,3895.89295219101
536,Honduras,2023,6.023,53,
537,Hong Kong,2013,5.523,64,68594.3152905882
538,Hong Kong,2015,5.474,72,70363.8389956782
539,Hong Kong,2016,5.458,75,75103.12061874999
540,Hong Kong,2017,5.472,71,79117.104140625
541,Hong Kong,2018,5.43,76,81759.33765223171
542,Hong Kong,2019,5.43,76,88091.1782258049
543,Hong Kong,2020,5.51,78,88941.5646819512
544,Hong Kong,2021,5.477,77,85247.96184043554
545,Hong Kong,2022,5.425,81,91674.39081331171
546,Hong Kong,2023,5.308,82,
547,Hungary,2013,4.775,110,14145.541745113449
548,Hungary,2015,4.8,104,16168.938719045
549,Hungary,2016,5.145,91,17310.32316625
550,Hungary,2017,5.324,75,18826.1886337413
551,Hungary,2018,5.62,69,21591.000157573748
552,Hungary,2019,5.758,62,23907.354630318652
553,Hungary,2020,6.0,53,26046.5386732889
554,Hungary,2021,5.992,53,26679.4719210273
555,Hungary,2022,6.086,51,28658.933117133398
556,Hungary,2023,6.041,51,
557,Iceland,2013,7.355,9,
558,Iceland,2015,7.561,2,
559,Iceland,2016,7.501,3,
560,Iceland,2017,7.504,3,
561,Iceland,2018,7.494,4,
562,Iceland,2019,7.554,4,
563,Iceland,2020,7.504,4,
564,Iceland,2021,7.554,4,
565,Iceland,2022,7.557,3,
566,Iceland,2023,7.53,3,
567,India,2013,4.772,111,3602.986115835205
568,India,2015,4.565,117,3551.30960516129
569,India,2016,4.404,118,3235.345782152235
570,India,2017,4.315,122,3006.91370581626
571,India,2018,4.19,133,3339.446469348265
572,India,2019,4.015,140,3646.6852729954853
573,India,2020,3.573,144,3743.537371725085
574,India,2021,3.819,139,3711.66080010526
575,India,2022,3.777,136,4542.717448095895
576,India,2023,4.036,126,
577,Indonesia,2013,5.348,76,5157.91220303107
578,Indonesia,2015,5.399,74,6165.9186581873655
579,Indonesia,2016,5.314,79,6444.792936045946
580,Indonesia,2017,5.262,81,6842.2666101193045
581,Indonesia,2018,5.093,96,7165.71243969865
582,Indonesia,2019,5.192,92,8142.694799860155
583,Indonesia,2020,5.286,84,8536.598588276836
584,Indonesia,2021,5.345,82,8250.92165750059
585,Indonesia,2022,5.24,87,9206.295607361135
586,Indonesia,2023,5.277,84,
587,Iran,2013,4.643,115,
588,Iran,2015,4.686,110,
589,Iran,2016,4.813,105,
590,Iran,2017,4.692,108,
591,Iran,2018,4.707,106,
592,Iran,2019,4.548,117,
593,Iran,2020,4.672,118,
594,Iran,2021,4.721,118,
595,Iran,2022,4.888,110,
596,Iran,2023,4.876,101,
597,Iraq,2013,4.817,105,
598,Iraq,2015,4.677,112,
599,Iraq,2016,4.575,112,
600,Iraq,2017,4.497,117,
601,Iraq,2018,4.456,117,
602,Iraq,2019,4.437,126,
603,Iraq,2020,4.785,110,
604,Iraq,2021,4.854,111,
605,Iraq,2022,4.941,107,
606,Iraq,2023,4.941,98,
607,Ireland,2013,7.076,18,
608,Ireland,2015,6.94,18,
609,Ireland,2016,6.907,19,
610,Ireland,2017,6.977,15,
611,Ireland,2018,6.977,14,
612,Ireland,2019,7.021,16,
613,Ireland,2020,7.094,16,
614,Ireland,2021,7.085,15,
615,Ireland,2022,7.041,13,
616,Ireland,2023,6.911,14,
617,Israel,2013,7.301,11,32091.710130488947
618,Israel,2015,7.278,11,33210.9754302857
619,Israel,2016,7.267,11,36209.9811035503
620,Israel,2017,7.213,11,38186.8679289941
621,Israel,2018,7.19,11,40463.1000224599
622,Israel,2019,7.139,13,41860.34637
623,Israel,2020,7.129,14,44433.8226847059
624,Israel,2021,7.157,12,43927.029931176454
625,Israel,2022,7.364,9,49776.336479705904
626,Israel,2023,7.473,4,
627,Italy,2013,6.021,45,
628,Italy,2015,5.948,50,
629,Italy,2016,5.977,50,
630,Italy,2017,5.964,48,
631,Italy,2018,6.0,47,
632,Italy,2019,6.223,36,
633,Italy,2020,6.387,30,
634,Italy,2021,6.483,28,
635,Italy,2022,6.467,31,
636,Italy,2023,6.405,33,
637,Ivory Coast,2015,3.655,151,
638,Ivory Coast,2016,3.916,139,
639,Ivory Coast,2017,4.18,128,
640,Ivory Coast,2018,4.671,107,
641,Ivory Coast,2019,4.944,99,
642,Ivory Coast,2020,5.233,85,
643,Ivory Coast,2021,5.306,85,
644,Ivory Coast,2022,5.235,88,
645,Ivory Coast,2023,5.053,93,
646,Jamaica,2013,5.374,75,
647,Jamaica,2015,5.709,65,
648,Jamaica,2016,5.51,73,
649,Jamaica,2017,5.311,76,
650,Jamaica,2018,5.89,56,
651,Jamaica,2019,5.89,56,
652,Jamaica,2020,5.89,60,
653,Jamaica,2021,6.309,37,
654,Jamaica,2022,5.85,63,
655,Jamaica,2023,5.703,68,
656,Japan,2013,6.064,43,50333.7139085625
657,Japan,2015,5.987,46,47320.8624614595
658,Japan,2016,5.921,53,50331.36768036485
659,Japan,2017,5.92,51,50775.1942618421
660,Japan,2018,5.915,54,52315.01036798075
661,Japan,2019,5.886,58,53111.1784649231
662,Japan,2020,5.871,62,54684.9739100513
663,Japan,2021,5.94,56,53836.3590963846
664,Japan,2022,6.039,54,56407.099612
665,Japan,2023,6.129,47,
666,Jordan,2013,5.414,74,
667,Jordan,2015,5.192,82,
668,Jordan,2016,5.303,80,
669,Jordan,2017,5.336,74,
670,Jordan,2018,5.161,90,
671,Jordan,2019,4.906,101,
672,Jordan,2020,4.633,119,
673,Jordan,2021,4.395,127,6751.45502223923
674,Jordan,2022,4.152,134,7228.0043949959
675,Jordan,2023,4.12,123,
676,Kazakhstan,2013,5.671,57,
677,Kazakhstan,2015,5.855,54,
678,Kazakhstan,2016,5.919,54,
679,Kazakhstan,2017,5.819,60,
680,Kazakhstan,2018,5.79,60,
681,Kazakhstan,2019,5.809,60,
682,Kazakhstan,2020,6.058,50,
683,Kazakhstan,2021,6.152,45,
684,Kazakhstan,2022,6.234,40,
685,Kazakhstan,2023,6.144,44,
686,Kenya,2013,4.403,123,
687,Kenya,2015,4.419,125,
688,Kenya,2016,4.356,122,
689,Kenya,2017,4.553,112,
690,Kenya,2018,4.41,124,
691,Kenya,2019,4.509,121,
692,Kenya,2020,4.583,121,
693,Kenya,2021,4.607,121,
694,Kenya,2022,4.543,119,
695,Kenya,2023,4.487,111,
696,Kosovo,2013,5.222,83,
697,Kosovo,2015,5.589,69,
698,Kosovo,2016,5.401,77,
699,Kosovo,2017,5.279,78,
700,Kosovo,2018,5.662,66,
701,Kosovo,2019,6.1,46,
702,Kosovo,2020,6.325,35,
703,Kosovo,2021,6.372,33,
704,Kosovo,2022,6.455,32,
705,Kosovo,2023,6.368,34,
706,Kuwait,2013,6.515,32,
707,Kuwait,2015,6.295,39,
708,Kuwait,2016,6.239,41,
709,Kuwait,2017,6.105,39,
710,Kuwait,2018,6.083,45,
711,Kuwait,2019,6.021,51,
712,Kuwait,2020,6.102,48,
713,Kuwait,2021,6.106,47,28467.2831798261
714,Kuwait,2022,6.106,50,34678.00819846155
715,Kyrgyzstan,2013,5.042,89,
716,Kyrgyzstan,2015,5.286,77,
717,Kyrgyzstan,2016,5.185,85,
718,Kyrgyzstan,2017,5.004,98,
719,Kyrgyzstan,2018,5.131,92,
720,Kyrgyzstan,2019,5.261,86,
721,Kyrgyzstan,2020,5.542,74,
722,Kyrgyzstan,2021,5.744,67,
723,Kyrgyzstan,2022,5.828,64,
724,Kyrgyzstan,2023,5.825,62,
725,Laos,2013,4.787,109,
726,Laos,2015,4.876,99,
727,Laos,2016,4.876,102,
728,Laos,2018,4.623,110,
729,Laos,2019,4.796,105,
730,Laos,2020,4.889,104,
731,Laos,2021,5.03,100,
732,Laos,2022,5.14,95,
733,Laos,2023,5.111,89,
734,Latvia,2013,5.046,88,
735,Latvia,2015,5.098,89,
736,Latvia,2016,5.56,68,
737,Latvia,2017,5.85,54,
738,Latvia,2018,5.933,53,
739,Latvia,2019,5.94,53,
740,Latvia,2020,5.95,57,
741,Latvia,2021,6.032,51,
742,Latvia,2022,6.18,42,
743,Latvia,2023,6.213,41,
744,Lebanon,2013,4.931,97,
745,Lebanon,2015,4.839,103,
746,Lebanon,2016,5.129,93,
747,Lebanon,2017,5.225,88,
748,Lebanon,2018,5.199,88,
749,Lebanon,2019,5.197,91,
750,Lebanon,2020,4.772,111,
751,Lebanon,2021,4.584,123,
752,Lebanon,2022,2.955,145,
753,Lebanon,2023,2.392,136,
754,Lesotho,2013,4.898,98,
755,Lesotho,2015,4.898,97,
756,Lesotho,2017,3.808,139,
757,Lesotho,2018,3.808,141,
758,Lesotho,2019,3.802,144,
759,Lesotho,2020,3.653,143,
760,Lesotho,2021,3.512,145,
761,Lesotho,2022,3.512,141,
762,Liberia,2013,4.196,133,
763,Liberia,2015,4.571,116,
764,Liberia,2016,3.622,150,
765,Liberia,2017,3.533,148,
766,Liberia,2018,3.495,149,
767,Liberia,2019,3.975,141,
768,Liberia,2020,4.558,124,
769,Liberia,2021,4.625,120,
770,Liberia,2022,5.122,97,
771,Liberia,2023,4.042,125,
772,Libya,2013,5.34,78,
773,Libya,2015,5.754,63,
774,Libya,2016,5.615,67,
775,Libya,2017,5.525,68,
776,Libya,2018,5.566,70,
777,Libya,2019,5.525,72,
778,Libya,2020,5.489,80,
779,Libya,2021,5.41,80,
780,Libya,2022,5.33,86,
781,Lithuania,2013,5.426,71,
782,Lithuania,2015,5.833,56,
783,Lithuania,2016,5.813,60,
784,Lithuania,2017,5.902,52,
785,Lithuania,2018,5.952,50,
786,Lithuania,2019,6.149,42,
787,Lithuania,2020,6.215,41,
788,Lithuania,2021,6.255,38,
789,Lithuania,2022,6.446,34,
790,Lithuania,2023,6.763,20,
791,Luxembourg,2013,7.054,19,
792,Luxembourg,2015,6.946,17,
793,Luxembourg,2016,6.871,20,
794,Luxembourg,2017,6.863,18,
795,Luxembourg,2018,6.91,17,
796,Luxembourg,2019,7.09,14,
797,Luxembourg,2020,7.238,10,
798,Luxembourg,2021,7.324,8,
799,Luxembourg,2022,7.404,6,
800,Luxembourg,2023,7.228,9,
801,Madagascar,2013,3.966,146,
802,Madagascar,2015,3.681,147,
803,Madagascar,2016,3.695,148,
804,Madagascar,2017,3.644,144,
805,Madagascar,2018,3.774,143,
806,Madagascar,2019,3.933,143,
807,Madagascar,2020,4.166,137,
808,Madagascar,2021,4.208,135,
809,Madagascar,2022,4.339,128,
810,Madagascar,2023,4.019,127,
811,Malawi,2013,4.113,139,
812,Malawi,2015,4.292,131,
813,Malawi,2016,4.156,132,
814,Malawi,2017,3.97,136,
815,Malawi,2018,3.587,147,
816,Malawi,2019,3.41,150,
817,Malawi,2020,3.538,145,
818,Malawi,2021,3.6,144,
819,Malawi,2022,3.75,138,
820,Malawi,2023,3.495,131,
821,Malaysia,2013,5.76,56,18017.30013267855
822,Malaysia,2015,5.77,61,20519.220265206997
823,Malaysia,2016,6.005,47,20733.017499374997
824,Malaysia,2017,6.084,42,21446.6593539244
825,Malaysia,2018,6.322,35,22690.7261575214
826,Malaysia,2019,5.339,80,23531.0321682742
827,Malaysia,2020,5.384,82,23026.7936751889
828,Malaysia,2021,5.384,81,21367.828017017
829,Malaysia,2022,5.711,70,23068.1395298165
830,Malaysia,2023,6.012,55,
831,Maldives,2020,5.198,87,
832,Maldives,2021,5.198,89,
833,Mali,2013,4.247,132,
834,Mali,2015,3.995,138,
835,Mali,2016,4.073,135,
836,Mali,2017,4.19,127,
837,Mali,2018,4.447,118,
838,Mali,2019,4.39,128,
839,Mali,2020,4.729,114,
840,Mali,2021,4.723,117,
841,Mali,2022,4.479,123,
842,Mali,2023,4.198,120,
843,Malta,2013,5.964,48,
844,Malta,2015,6.302,37,
845,Malta,2016,6.488,30,
846,Malta,2017,6.527,27,
847,Malta,2018,6.627,22,
848,Malta,2019,6.726,22,
849,Malta,2020,6.773,22,
850,Malta,2021,6.602,23,
851,Malta,2022,6.447,33,
852,Malta,2023,6.3,37,
853,Mauritania,2013,4.758,112,
854,Mauritania,2015,4.436,124,
855,Mauritania,2016,4.201,130,
856,Mauritania,2017,4.292,123,
857,Mauritania,2018,4.356,126,
858,Mauritania,2019,4.49,122,
859,Mauritania,2020,4.375,129,
860,Mauritania,2021,4.227,134,
861,Mauritania,2022,4.153,133,
862,Mauritania,2023,4.724,103,
863,Mauritius,2013,5.477,67,
864,Mauritius,2015,5.477,71,
865,Mauritius,2016,5.648,66,
866,Mauritius,2017,5.629,64,
867,Mauritius,2018,5.891,55,
868,Mauritius,2019,5.888,57,
869,Mauritius,2020,6.101,49,
870,Mauritius,2021,6.049,50,
871,Mauritius,2022,6.071,52,
872,Mauritius,2023,5.902,59,
873,Mexico,2013,7.088,16,15007.53140783785
874,Mexico,2015,7.187,14,12763.1699822449
875,Mexico,2016,6.778,21,14526.1282757143
876,Mexico,2017,6.578,25,15064.0460816327
877,Mexico,2018,6.488,24,16827.6943230655
878,Mexico,2019,6.595,23,17862.037233318348
879,Mexico,2020,6.465,24,18623.3271524
880,Mexico,2021,6.317,36,15315.43278993925
881,Mexico,2022,6.128,46,14920.00091403725
882,Mexico,2023,6.33,36,
883,Moldova,2013,5.791,53,
884,Moldova,2015,5.889,52,
885,Moldova,2016,5.897,55,
886,Moldova,2017,5.838,56,
887,Moldova,2018,5.64,67,
888,Moldova,2019,5.529,71,
889,Moldova,2020,5.608,70,
890,Moldova,2021,5.766,65,7302.710734550001
891,Moldova,2022,5.857,62,8543.180132564104
892,Moldova,2023,5.819,63,
893,Mongolia,2013,4.834,102,
894,Mongolia,2015,4.874,100,
895,Mongolia,2016,4.907,101,
896,Mongolia,2017,4.955,100,
897,Mongolia,2018,5.125,94,
898,Mongolia,2019,5.285,83,
899,Mongolia,2020,5.456,81,
900,Mongolia,2021,5.677,70,
901,Mongolia,2022,5.761,68,
902,Mongolia,2023,5.84,61,
903,Montenegro,2013,5.299,80,
904,Montenegro,2015,5.192,83,
905,Montenegro,2016,5.161,88,
906,Montenegro,2017,5.237,83,
907,Montenegro,2018,5.347,81,
908,Montenegro,2019,5.523,73,
909,Montenegro,2020,5.546,72,
910,Montenegro,2021,5.581,72,
911,Montenegro,2022,5.547,75,
912,Montenegro,2023,5.722,67,
913,Morocco,2013,4.885,99,
914,Morocco,2015,5.013,92,
915,Morocco,2016,5.151,90,
916,Morocco,2017,5.235,84,
917,Morocco,2018,5.254,85,
918,Morocco,2019,5.208,89,
919,Morocco,2020,5.095,97,
920,Morocco,2021,4.918,106,
921,Morocco,2022,5.06,100,
922,Morocco,2023,4.903,100,
923,Mozambique,2013,4.971,94,
924,Mozambique,2015,4.971,94,
925,Mozambique,2017,4.55,113,
926,Mozambique,2018,4.417,123,
927,Mozambique,2019,4.466,123,
928,Mozambique,2020,4.624,120,
929,Mozambique,2021,4.794,115,
930,Mozambique,2022,5.048,101,
931,Mozambique,2023,4.954,97,
932,Myanmar,2013,4.439,121,
933,Myanmar,2015,4.307,129,
934,Myanmar,2016,4.395,119,
935,Myanmar,2017,4.545,114,
936,Myanmar,2018,4.308,130,
937,Myanmar,2019,4.36,131,
938,Myanmar,2020,4.308,133,
939,Myanmar,2021,4.426,126,
940,Myanmar,2022,4.394,126,
941,Myanmar,2023,4.372,117,
942,Namibia,2016,4.574,113,
943,Namibia,2017,4.574,111,
944,Namibia,2018,4.441,119,
945,Namibia,2019,4.639,113,
946,Namibia,2020,4.571,122,
947,Namibia,2021,4.574,124,
948,Namibia,2022,4.459,124,
949,Namibia,2023,4.631,105,
950,Nepal,2013,4.156,135,
951,Nepal,2015,4.514,121,
952,Nepal,2016,4.793,107,
953,Nepal,2017,4.962,99,
954,Nepal,2018,4.88,101,
955,Nepal,2019,4.913,100,
956,Nepal,2020,5.137,92,
957,Nepal,2021,5.269,87,
958,Nepal,2022,5.377,84,
959,Nepal,2023,5.36,78,
960,Netherlands,2013,7.512,4,
961,Netherlands,2015,7.378,7,
962,Netherlands,2016,7.339,7,
963,Netherlands,2017,7.377,6,
964,Netherlands,2018,7.441,6,
965,Netherlands,2019,7.488,5,
966,Netherlands,2020,7.449,6,
967,Netherlands,2021,7.464,5,
968,Netherlands,2022,7.415,5,
969,Netherlands,2023,7.403,5,
970,New Zealand,2013,7.221,13,37572.64629
971,New Zealand,2015,7.286,9,38755.7436610169
972,New Zealand,2016,7.334,8,40296.30547754235
973,New Zealand,2017,7.314,8,42049.38888934425
974,New Zealand,2018,7.324,8,44276.51395322585
975,New Zealand,2019,7.307,8,46163.278440499
976,New Zealand,2020,7.3,8,47249.5780748252
977,New Zealand,2021,7.277,9,45684.19314247655
978,New Zealand,2022,7.2,10,49460.8540861972
979,New Zealand,2023,7.123,10,
980,Nicaragua,2013,5.507,65,
981,Nicaragua,2015,5.828,57,
982,Nicaragua,2016,5.992,48,
983,Nicaragua,2017,6.071,43,
984,Nicaragua,2018,6.141,41,
985,Nicaragua,2019,6.105,45,
986,Nicaragua,2020,6.137,46,
987,Nicaragua,2021,5.972,55,2600.49545079637
988,Nicaragua,2022,6.165,45,2861.470501697625
989,Nicaragua,2023,6.259,40,
990,Niger,2013,4.152,136,
991,Niger,2015,3.845,144,
992,Niger,2016,3.856,142,
993,Niger,2017,4.028,135,
994,Niger,2018,4.166,134,
995,Niger,2019,4.628,114,
996,Niger,2020,4.91,103,
997,Niger,2021,5.074,96,
998,Niger,2022,5.003,104,
999,Niger,2023,4.501,109,
1000,Nigeria,2013,5.248,82,
1001,Nigeria,2015,5.268,78,
1002,Nigeria,2016,4.875,103,
1003,Nigeria,2017,5.074,95,
1004,Nigeria,2018,5.155,91,
1005,Nigeria,2019,5.265,85,
1006,Nigeria,2020,4.724,115,
1007,Nigeria,2021,4.759,116,
1008,Nigeria,2022,4.552,118,
1009,Nigeria,2023,4.981,95,
1010,North Cyprus,2013,5.463,69,
1011,North Cyprus,2015,5.695,66,
1012,North Cyprus,2016,5.771,62,
1013,North Cyprus,2017,5.81,61,
1014,North Cyprus,2018,5.835,58,
1015,North Cyprus,2019,5.718,64,
1016,North Cyprus,2020,5.536,76,
1017,North Cyprus,2021,5.536,74,
1018,North Cyprus,2022,5.467,79,
1019,North Macedonia,2013,4.574,118,
1020,North Macedonia,2015,5.007,93,
1021,North Macedonia,2016,5.121,95,
1022,North Macedonia,2017,5.175,92,
1023,North Macedonia,2018,5.185,89,
1024,North Macedonia,2019,5.274,84,
1025,North Macedonia,2020,5.16,90,
1026,North Macedonia,2021,5.101,94,
1027,North Macedonia,2022,5.199,89,
1028,North Macedonia,2023,5.254,87,
1029,Norway,2013,7.655,2,54299.4376091406
1030,Norway,2015,7.522,4,55622.10291059785
1031,Norway,2016,7.498,4,56127.997127564144
1032,Norway,2017,7.537,1,54172.6586632653
1033,Norway,2018,7.594,2,63562.41275510205
1034,Norway,2019,7.554,3,68870.31445137145
1035,Norway,2020,7.488,5,61079.7712242562
1036,Norway,2021,7.392,6,57170.543513027995
1037,Norway,2022,7.365,8,65617.4876278056
1038,Norway,2023,7.315,7,
1039,Oman,2013,6.853,23,
1040,Oman,2015,6.853,22,
1041,Pakistan,2013,5.292,81,1754.8358053563202
1042,Pakistan,2015,5.194,81,2020.266789357145
1043,Pakistan,2016,5.132,92,2139.20532465
1044,Pakistan,2017,5.269,80,1961.639388
1045,Pakistan,2018,5.472,75,2132.55686904
1046,Pakistan,2019,5.653,67,1873.229049983695
1047,Pakistan,2020,5.693,66,1845.78346387587
1048,Pakistan,2021,4.934,105,1893.42586226818
1049,Pakistan,2022,4.516,121,1981.7433147536349
1050,Pakistan,2023,4.555,108,
1051,Palestine,2013,4.7,113,
1052,Palestine,2015,4.715,108,
1053,Palestine,2016,4.754,108,
1054,Palestine,2017,4.775,103,
1055,Palestine,2018,4.743,104,
1056,Palestine,2019,4.696,110,
1057,Palestine,2020,4.553,125,
1058,Palestine,2021,4.517,125,
1059,Palestine,2022,4.483,122,
1060,Palestine,2023,4.908,99,
1061,Panama,2013,7.143,15,
1062,Panama,2015,6.786,25,
1063,Panama,2016,6.701,25,
1064,Panama,2017,6.452,30,
1065,Panama,2018,6.43,27,
1066,Panama,2019,6.321,31,
1067,Panama,2020,6.305,36,
1068,Panama,2021,6.18,41,
1069,Panama,2022,6.309,37,
1070,Panama,2023,6.265,38,
1071,Paraguay,2013,5.779,54,
1072,Paraguay,2015,5.878,53,
1073,Paraguay,2016,5.538,70,
1074,Paraguay,2017,5.493,70,
1075,Paraguay,2018,5.681,64,
1076,Paraguay,2019,5.743,63,
1077,Paraguay,2020,5.692,67,
1078,Paraguay,2021,5.653,71,
1079,Paraguay,2022,5.578,73,
1080,Paraguay,2023,5.738,66,
1081,Peru,2013,5.776,55,6928.414895
1082,Peru,2015,5.824,58,7994.357085
1083,Peru,2016,5.743,64,8594.0643075
1084,Peru,2017,5.715,63,8722.283902597399
1085,Peru,2018,5.663,65,9642.892182857144
1086,Peru,2019,5.697,65,10332.3422514286
1087,Peru,2020,5.797,63,9411.24482521008
1088,Peru,2021,5.84,63,8493.592861338024
1089,Peru,2022,5.559,74,9810.45523477498
1090,Peru,2023,5.526,75,
1091,Philippines,2013,4.985,92,4046.97556698685
1092,Philippines,2015,5.073,90,3500.05790226994
1093,Philippines,2016,5.279,82,4603.984184200195
1094,Philippines,2017,5.43,72,4975.006797693864
1095,Philippines,2018,5.524,71,5356.47356883582
1096,Philippines,2019,5.631,69,5769.34374852163
1097,Philippines,2020,6.006,52,6174.92569267606
1098,Philippines,2021,5.88,61,5702.59038774648
1099,Philippines,2022,5.904,60,6044.760022432985
1100,Philippines,2023,5.523,76,
1101,Poland,2013,5.822,51,19133.15121754655
1102,Poland,2015,5.791,60,20551.827656997302
1103,Poland,2016,5.835,58,21696.0479765625
1104,Poland,2017,5.973,46,22437.46494430695
1105,Poland,2018,6.123,42,23943.785630198
1106,Poland,2019,6.182,40,24711.24818238095
1107,Poland,2020,6.186,43,26462.0445054545
1108,Poland,2021,6.166,44,22708.1355296568
1109,Poland,2022,6.123,48,22932.2306606578
1110,Poland,2023,6.26,39,
1111,Portugal,2013,5.101,85,
1112,Portugal,2015,5.102,88,
1113,Portugal,2016,5.123,94,
1114,Portugal,2017,5.195,89,
1115,Portugal,2018,5.41,77,
1116,Portugal,2019,5.693,66,
1117,Portugal,2020,5.911,59,
1118,Portugal,2021,5.929,58,
1119,Portugal,2022,6.016,56,
1120,Portugal,2023,5.968,56,
1121,Puerto Rico,2016,7.039,15,
1122,Qatar,2013,6.666,27,
1123,Qatar,2015,6.611,28,
1124,Qatar,2016,6.375,36,
1125,Qatar,2017,6.375,35,
1126,Qatar,2018,6.374,32,
1127,Qatar,2019,6.374,29,
1128,Romania,2013,5.033,90,
1129,Romania,2015,5.124,86,
1130,Romania,2016,5.528,71,
1131,Romania,2017,5.825,57,
1132,Romania,2018,5.945,52,
1133,Romania,2019,6.07,48,
1134,Romania,2020,6.124,47,
1135,Romania,2021,6.14,46,26270.27688167525
1136,Romania,2022,6.477,28,28791.4363897513
1137,Romania,2023,5.689,24,
1138,Russia,2013,5.464,68,24548.7024823896
1139,Russia,2015,5.716,64,23853.6702751717
1140,Russia,2016,5.856,56,20481.123075991898
1141,Russia,2017,5.963,49,19671.949996448653
1142,Russia,2018,5.81,59,22197.941188999997
1143,Russia,2019,5.648,68,27943.99870021315
1144,Russia,2020,5.546,73,26667.4544044444
1145,Russia,2021,5.477,76,26702.26794888885
1146,Russia,2022,5.459,80,33546.933392
1147,Russia,2023,5.661,70,
1148,Rwanda,2013,3.715,152,
1149,Rwanda,2015,3.465,154,
1150,Rwanda,2016,3.515,152,
1151,Rwanda,2017,3.471,151,
1152,Rwanda,2018,3.408,151,
1153,Rwanda,2019,3.334,152,
1154,Rwanda,2020,3.312,150,
1155,Rwanda,2021,3.415,147,
1156,Rwanda,2022,3.268,143,
1157,Saudi Arabia,2013,6.48,33,37073.202975272754
1158,Saudi Arabia,2015,6.411,35,34939.997446249996
1159,Saudi Arabia,2016,6.379,35,28929.1462375
1160,Saudi Arabia,2017,6.344,37,28531.261125
1161,Saudi Arabia,2018,6.371,33,30450.29264875
1162,Saudi Arabia,2019,6.375,28,34586.8833701923
1163,Saudi Arabia,2020,6.406,27,31487.0980613736
1164,Saudi Arabia,2021,6.494,26,26419.993490714303
1165,Saudi Arabia,2022,6.523,25,28162.0617042941
1166,Saudi Arabia,2023,6.463,30,
1167,Senegal,2013,3.959,147,
1168,Senegal,2015,3.904,142,
1169,Senegal,2016,4.219,128,
1170,Senegal,2017,4.535,115,
1171,Senegal,2018,4.631,109,
1172,Senegal,2019,4.681,111,
1173,Senegal,2020,4.981,101,
1174,Senegal,2021,5.132,92,
1175,Senegal,2022,5.046,103,
1176,Senegal,2023,4.855,102,
1177,Serbia,2013,4.813,106,
1178,Serbia,2015,5.123,87,
1179,Serbia,2016,5.177,86,
1180,Serbia,2017,5.395,73,
1181,Serbia,2018,5.398,78,
1182,Serbia,2019,5.603,70,
1183,Serbia,2020,5.778,64,
1184,Serbia,2021,6.078,48,
1185,Serbia,2022,6.178,43,
1186,Serbia,2023,6.144,45,
1187,Sierra Leone,2013,4.318,127,
1188,Sierra Leone,2015,4.507,123,
1189,Sierra Leone,2016,4.635,111,
1190,Sierra Leone,2017,4.709,106,
1191,Sierra Leone,2018,4.571,113,
1192,Sierra Leone,2019,4.374,129,
1193,Sierra Leone,2020,3.926,139,
1194,Sierra Leone,2021,3.849,138,
1195,Sierra Leone,2022,3.574,140,
1196,Sierra Leone,2023,3.138,135,
1197,Singapore,2013,6.546,30,61951.30710867615
1198,Singapore,2015,6.798,24,66574.8515042553
1199,Singapore,2016,6.739,22,66498.4491531427
1200,Singapore,2017,6.572,26,63122.6740178571
1201,Singapore,2018,6.343,34,67190.4525836207
1202,Singapore,2019,6.262,34,73232.2786137931
1203,Singapore,2020,6.377,31,73367.6782
1204,Singapore,2021,6.377,32,69729.00964915255
1205,Singapore,2022,6.48,27,84455.01620084746
1206,Singapore,2023,6.587,25,
1207,Slovakia,2013,5.969,46,
1208,Slovakia,2015,5.995,45,
1209,Slovakia,2016,6.078,45,
1210,Slovakia,2017,6.098,40,
1211,Slovakia,2018,6.173,39,
1212,Slovakia,2019,6.198,38,
1213,Slovakia,2020,6.281,37,
1214,Slovakia,2021,6.331,34,
1215,Slovakia,2022,6.391,35,
1216,Slovakia,2023,6.469,29,
1217,Slovenia,2013,6.06,44,
1218,Slovenia,2015,5.848,55,
1219,Slovenia,2016,5.768,63,
1220,Slovenia,2017,5.758,62,
1221,Slovenia,2018,5.948,51,
1222,Slovenia,2019,6.118,44,
1223,Slovenia,2020,6.363,33,
1224,Slovenia,2021,6.461,29,
1225,Slovenia,2022,6.63,22,
1226,Slovenia,2023,6.65,22,
1227,Somalia,2016,5.44,76,
1228,Somalia,2017,5.151,93,
1229,Somalia,2018,4.982,98,
1230,Somalia,2019,4.668,112,
1231,Somaliland,2013,4.847,101,
1232,Somaliland,2015,5.057,91,
1233,Somaliland,2016,5.057,97,
1234,South Africa,2013,4.963,96,12754.92183219035
1235,South Africa,2015,4.642,113,12620.9585279412
1236,South Africa,2016,4.459,116,12096.3740132143
1237,South Africa,2017,4.829,101,13578.95683404255
1238,South Africa,2018,4.724,105,13460.7425484355
1239,South Africa,2019,4.722,106,14049.5284345161
1240,South Africa,2020,4.814,109,14827.6060070968
1241,South Africa,2021,4.956,103,13572.31067313435
1242,South Africa,2022,5.194,91,13119.915504386001
1243,South Africa,2023,5.275,85,
1244,South Korea,2013,6.267,41,30996.68006339165
1245,South Korea,2015,5.984,47,31476.473145530952
1246,South Korea,2016,5.835,57,32832.2130811925
1247,South Korea,2017,5.838,55,34760.2331311364
1248,South Korea,2018,5.875,57,37069.8962900145
1249,South Korea,2019,5.895,54,38498.4411078067
1250,South Korea,2020,5.872,61,39864.38114108
1251,South Korea,2021,5.845,62,40290.46630464645
1252,South Korea,2022,5.935,59,44094.744160321745
1253,South Korea,2023,5.951,57,
1254,South Sudan,2016,3.832,143,
1255,South Sudan,2017,3.591,147,
1256,South Sudan,2018,3.254,154,
1257,South Sudan,2019,2.853,156,
1258,South Sudan,2020,2.817,152,
1259,Spain,2013,6.322,38,
1260,Spain,2015,6.329,36,
1261,Spain,2016,6.361,37,
1262,Spain,2017,6.403,34,
1263,Spain,2018,6.31,36,
1264,Spain,2019,6.354,30,
1265,Spain,2020,6.401,28,
1266,Spain,2021,6.491,27,
1267,Spain,2022,6.476,29,
1268,Spain,2023,6.436,32,
1269,Sri Lanka,2013,4.151,137,
1270,Sri Lanka,2015,4.271,132,
1271,Sri Lanka,2016,4.415,117,
1272,Sri Lanka,2017,4.44,120,
1273,Sri Lanka,2018,4.471,116,
1274,Sri Lanka,2019,4.366,130,
1275,Sri Lanka,2020,4.327,130,
1276,Sri Lanka,2021,4.325,129,4791.498601957144
1277,Sri Lanka,2022,4.362,127,3661.26274785821
1278,Sri Lanka,2023,4.442,112,
1279,Sudan,2013,4.401,124,
1280,Sudan,2015,4.55,118,
1281,Sudan,2016,4.139,133,
1282,Sudan,2017,4.139,130,
1283,Sudan,2018,4.139,137,
1284,Suriname,2013,6.269,40,
1285,Suriname,2015,6.269,40,
1286,Suriname,2016,6.269,40,
1287,Swaziland,2013,4.867,100,
1288,Swaziland,2015,4.867,101,
1289,Swaziland,2019,4.212,135,
1290,Swaziland,2020,4.308,132,
1291,Swaziland,2021,4.308,130,
1292,Sweden,2013,7.48,5,39134.666126044
1293,Sweden,2015,7.364,8,41694.33544768384
1294,Sweden,2016,7.291,10,42268.764087315096
1295,Sweden,2017,7.284,10,41000.8521326833
1296,Sweden,2018,7.314,9,42154.58844691505
1297,Sweden,2019,7.343,7,43168.39632780545
1298,Sweden,2020,7.353,7,45282.92414012035
1299,Sweden,2021,7.363,7,44150.812483903705
1300,Sweden,2022,7.384,7,47283.8794468421
1301,Sweden,2023,7.395,6,
1302,Switzerland,2013,7.65,3,51539.7149076923
1303,Switzerland,2015,7.587,1,54571.69476
1304,Switzerland,2016,7.509,2,55463.730930000005
1305,Switzerland,2017,7.494,4,56971.386
1306,Switzerland,2018,7.487,5,58513.63825
1307,Switzerland,2019,7.48,6,61473.8019184615
1308,Switzerland,2020,7.56,3,63164.2980615385
1309,Switzerland,2021,7.571,3,61956.3107630769
1310,Switzerland,2022,7.512,4,67132.96945076919
1311,Switzerland,2023,7.24,8,
1312,Syria,2013,3.892,148,
1313,Syria,2015,3.006,156,
1314,Syria,2016,3.069,156,
1315,Syria,2017,3.462,152,
1316,Syria,2018,3.462,150,
1317,Syria,2019,3.462,149,
1318,Taiwan,2013,6.221,42,33567.46811871645
1319,Taiwan,2015,6.298,38,37675.3007191139
1320,Taiwan,2016,6.379,34,46242.59416913045
1321,Taiwan,2017,6.422,33,48637.1169130435
1322,Taiwan,2018,6.441,26,51028.28220514495
1323,Taiwan,2019,6.446,25,52065.25817980075
1324,Taiwan,2020,6.455,25,53629.6815991667
1325,Taiwan,2021,6.584,24,57304.05326055555
1326,Taiwan,2022,6.512,26,64298.80081733335
1327,Taiwan,2023,6.535,27,
1328,Tajikistan,2013,4.38,125,
1329,Tajikistan,2015,4.786,106,
1330,Tajikistan,2016,4.996,100,
1331,Tajikistan,2017,5.041,96,
1332,Tajikistan,2018,5.352,80,
1333,Tajikistan,2019,5.467,74,
1334,Tajikistan,2020,5.556,71,
1335,Tajikistan,2021,5.466,78,
1336,Tajikistan,2022,5.377,83,
1337,Tajikistan,2023,5.33,80,
1338,Tanzania,2013,3.77,151,
1339,Tanzania,2015,3.781,146,
1340,Tanzania,2016,3.666,149,
1341,Tanzania,2017,3.349,153,
1342,Tanzania,2018,3.303,153,
1343,Tanzania,2019,3.231,153,
1344,Tanzania,2020,3.476,148,
1345,Tanzania,2021,3.623,142,
1346,Tanzania,2022,3.702,139,
1347,Tanzania,2023,3.694,129,
1348,Thailand,2013,6.371,36,8496.91807717939
1349,Thailand,2015,6.455,34,8027.983265972225
1350,Thailand,2016,6.474,33,7612.188875538344
1351,Thailand,2017,6.424,32,7999.49151680672
1352,Thailand,2018,6.072,46,8679.026241512605
1353,Thailand,2019,6.008,52,9334.1292589916
1354,Thailand,2020,5.999,54,9652.46672796605
1355,Thailand,2021,5.985,54,8602.769073203126
1356,Thailand,2022,5.891,61,9206.935632070315
1357,Thailand,2023,5.843,60,
1358,Togo,2013,2.936,156,
1359,Togo,2015,2.839,158,
1360,Togo,2016,3.303,155,
1361,Togo,2017,3.495,150,
1362,Togo,2018,3.999,139,
1363,Togo,2019,4.085,139,
1364,Togo,2020,4.187,135,
1365,Togo,2021,4.107,136,
1366,Togo,2022,4.112,135,
1367,Togo,2023,4.137,122,
1368,Trinidad and Tobago,2013,6.519,31,
1369,Trinidad and Tobago,2015,6.168,41,
1370,Trinidad and Tobago,2016,6.168,43,
1371,Trinidad and Tobago,2017,6.168,38,
1372,Trinidad and Tobago,2018,6.192,38,
1373,Trinidad and Tobago,2019,6.192,39,
1374,Trinidad and Tobago,2020,6.192,42,
1375,Tunisia,2013,4.826,104,
1376,Tunisia,2015,4.739,107,
1377,Tunisia,2016,5.045,98,
1378,Tunisia,2017,4.805,102,
1379,Tunisia,2018,4.592,111,
1380,Tunisia,2019,4.461,124,
1381,Tunisia,2020,4.392,128,
1382,Tunisia,2021,4.596,122,
1383,Tunisia,2022,4.516,120,
1384,Tunisia,2023,4.497,110,
1385,Turkiye,2013,5.345,77,
1386,Turkiye,2015,5.332,76,
1387,Turkiye,2016,5.389,78,
1388,Turkiye,2017,5.5,69,
1389,Turkiye,2018,5.483,74,
1390,Turkiye,2019,5.373,79,
1391,Turkiye,2020,5.132,93,
1392,Turkiye,2021,4.948,104,
1393,Turkiye,2022,4.744,112,
1394,Turkiye,2023,4.614,106,
1395,Turkmenistan,2013,5.628,59,
1396,Turkmenistan,2015,5.548,70,
1397,Turkmenistan,2016,5.658,65,
1398,Turkmenistan,2017,5.822,59,
1399,Turkmenistan,2018,5.636,68,
1400,Turkmenistan,2019,5.247,87,
1401,Turkmenistan,2020,5.119,95,
1402,Turkmenistan,2021,5.066,97,
1403,Turkmenistan,2022,5.474,78,
1404,Uganda,2013,4.443,120,
1405,Uganda,2015,3.931,141,
1406,Uganda,2016,3.739,145,
1407,Uganda,2017,4.081,133,
1408,Uganda,2018,4.161,135,
1409,Uganda,2019,4.189,136,
1410,Uganda,2020,4.432,126,
1411,Uganda,2021,4.636,119,
1412,Uganda,2022,4.603,117,
1413,Uganda,2023,4.432,113,
1414,Ukraine,2013,5.057,87,
1415,Ukraine,2015,4.681,111,
1416,Ukraine,2016,4.324,123,
1417,Ukraine,2017,4.096,132,
1418,Ukraine,2018,4.103,138,
1419,Ukraine,2019,4.332,133,
1420,Ukraine,2020,4.561,123,
1421,Ukraine,2021,4.875,110,7832.120840380895
1422,Ukraine,2022,5.084,98,9640.13151652174
1423,Ukraine,2023,5.071,92,
1424,United Arab Emirates,2013,7.144,14,
1425,United Arab Emirates,2015,6.901,20,
1426,United Arab Emirates,2016,6.573,28,
1427,United Arab Emirates,2017,6.648,21,
1428,United Arab Emirates,2018,6.774,20,
1429,United Arab Emirates,2019,6.825,21,
1430,United Arab Emirates,2020,6.791,21,
1431,United Arab Emirates,2021,6.561,25,47263.55014915255
1432,United Arab Emirates,2022,6.576,24,45875.4943713399
1433,United Arab Emirates,2023,6.571,26,
1434,United Kingdom,2013,6.883,22,
1435,United Kingdom,2015,6.867,21,
1436,United Kingdom,2016,6.725,23,
1437,United Kingdom,2017,6.714,19,
1438,United Kingdom,2018,6.814,19,
1439,United Kingdom,2019,7.054,15,
1440,United Kingdom,2020,7.165,13,
1441,United Kingdom,2021,7.064,17,
1442,United Kingdom,2022,6.943,17,
1443,United Kingdom,2023,6.796,19,
1444,United States,2013,7.082,17,51736.738
1445,United States,2015,7.119,15,55083.507
1446,United States,2016,7.104,13,56729.681
1447,United States,2017,6.993,14,57839.992
1448,United States,2018,6.886,18,59885.714
1449,United States,2019,6.892,19,62769.664
1450,United States,2020,6.94,18,65051.88
1451,United States,2021,6.951,19,63078.471
1452,United States,2022,6.977,16,69231.4
1453,United States,2023,6.894,15,
1454,Uruguay,2013,6.355,37,
1455,Uruguay,2015,6.485,32,
1456,Uruguay,2016,6.545,29,
1457,Uruguay,2017,6.454,28,
1458,Uruguay,2018,6.379,31,
1459,Uruguay,2019,6.293,33,
1460,Uruguay,2020,6.44,26,
1461,Uruguay,2021,6.431,31,14620.29911419345
1462,Uruguay,2022,6.474,30,15052.006827458401
1463,Uruguay,2023,6.494,28,
1464,Uzbekistan,2013,5.623,60,
1465,Uzbekistan,2015,6.003,44,
1466,Uzbekistan,2016,5.987,49,
1467,Uzbekistan,2017,5.971,47,
1468,Uzbekistan,2018,6.096,44,
1469,Uzbekistan,2019,6.174,41,
1470,Uzbekistan,2020,6.258,38,
1471,Uzbekistan,2021,6.179,42,
1472,Uzbekistan,2022,6.063,53,
1473,Uzbekistan,2023,6.014,54,
1474,Venezuela,2013,7.039,20,
1475,Venezuela,2015,6.81,23,
1476,Venezuela,2016,6.084,44,
1477,Venezuela,2017,5.25,82,
1478,Venezuela,2018,4.806,102,
1479,Venezuela,2019,4.707,108,
1480,Venezuela,2020,5.053,99,
1481,Venezuela,2021,4.892,107,
1482,Venezuela,2022,4.925,108,
1483,Venezuela,2023,5.211,88,
1484,Vietnam,2013,5.533,63,
1485,Vietnam,2015,5.36,75,
1486,Vietnam,2016,5.061,96,
1487,Vietnam,2017,5.074,94,
1488,Vietnam,2018,5.103,95,
1489,Vietnam,2019,5.175,94,
1490,Vietnam,2020,5.353,83,
1491,Vietnam,2021,5.411,79,5951.32833027595
1492,Vietnam,2022,5.485,77,6307.47632765384
1493,Vietnam,2023,5.763,65,
1494,Yemen,2013,4.054,142,
1495,Yemen,2015,4.077,136,
1496,Yemen,2016,3.724,147,
1497,Yemen,2017,3.593,146,
1498,Yemen,2018,3.355,152,
1499,Yemen,2019,3.38,151,
1500,Yemen,2020,3.527,146,
1501,Yemen,2021,3.658,141,
1502,Yemen,2022,4.197,132,
1503,Zambia,2013,5.006,91,
1504,Zambia,2015,5.129,85,
1505,Zambia,2016,4.795,106,
1506,Zambia,2017,4.514,116,
1507,Zambia,2018,4.377,125,
1508,Zambia,2019,4.107,138,
1509,Zambia,2020,3.759,141,
1510,Zambia,2021,4.073,137,
1511,Zambia,2022,3.76,137,
1512,Zambia,2023,3.982,128,
1513,Zimbabwe,2013,4.827,103,
1514,Zimbabwe,2015,4.61,115,
1515,Zimbabwe,2016,4.193,131,
1516,Zimbabwe,2017,3.875,138,
1517,Zimbabwe,2018,3.692,144,
1518,Zimbabwe,2019,3.663,146,
1519,Zimbabwe,2020,3.299,151,
1520,Zimbabwe,2021,3.145,148,
1521,Zimbabwe,2022,2.995,144,
1522,Zimbabwe,2023,3.204,134,
